Consumer ID,Age Group,Province,Equifax Score,TransUnion Score,Borrowell Score,Credit Karma Score,Mogo Score,Highest Score Shown,Lowest Score Shown,Score Variance,Checked Multiple Platforms,Confused by Score Difference,Score Category
CON0001,55 plus,Ontario,654,643,659,605,631,659,631,28,Yes,Yes,Fair
CON0002,35 to 44,Ontario,740,718,735,682,767,767,718,49,No,No,Very Good
CON0003,55 plus,Ontario,673,680,647,638,684,684,647,37,Yes,Yes,Good
CON0004,55 plus,Ontario,854,765,833,720,835,854,765,89,Yes,Yes,Excellent
CON0005,25 to 34,Ontario,701,750,681,707,699,750,681,69,Yes,Yes,Very Good
CON0006,25 to 34,Ontario,688,657,703,613,703,703,657,46,No,No,Good
CON0007,55 plus,Quebec,564,606,580,577,582,606,564,42,Yes,Yes,Fair
CON0008,25 to 34,Ontario,550,591,535,566,556,591,535,56,No,No,Fair
CON0009,25 to 34,Ontario,713,701,696,671,706,713,696,17,Yes,No,Very Good
CON0010,35 to 44,Ontario,697,674,683,642,761,761,674,87,Yes,Yes,Good
CON0011,55 plus,British Columbia,800,772,780,737,809,809,772,37,No,No,Very Good
CON0012,35 to 44,Ontario,678,661,651,616,678,678,651,27,Yes,Yes,Good
CON0013,55 plus,Alberta,465,451,452,419,467,467,451,16,Yes,No,Poor
CON0014,35 to 44,Ontario,559,607,574,556,555,607,555,52,Yes,Yes,Fair
CON0015,55 plus,Other,895,900,871,848,900,900,871,29,Yes,Yes,Excellent
CON0016,35 to 44,Ontario,636,628,606,600,653,653,606,47,No,No,Fair
CON0017,55 plus,Quebec,621,551,611,522,638,638,551,87,Yes,Yes,Fair
CON0018,25 to 34,Ontario,623,617,631,576,620,631,617,14,No,No,Fair
CON0019,25 to 34,Ontario,759,695,750,657,788,788,695,93,No,No,Good
CON0020,35 to 44,British Columbia,562,575,531,544,572,575,531,44,Yes,Yes,Fair
CON0021,55 plus,Ontario,612,655,607,610,624,655,607,48,Yes,Yes,Fair
CON0022,55 plus,British Columbia,586,561,592,539,580,592,561,31,Yes,Yes,Fair
CON0023,35 to 44,Ontario,852,900,841,850,847,900,841,59,Yes,Yes,Excellent
CON0024,25 to 34,Other,767,771,761,730,751,771,751,20,No,No,Very Good
CON0025,35 to 44,Quebec,514,532,519,515,513,532,513,19,Yes,No,Poor
CON0026,25 to 34,Quebec,559,575,547,546,560,575,547,28,No,No,Fair
CON0027,25 to 34,Quebec,690,682,678,632,679,690,678,12,Yes,No,Good
CON0028,25 to 34,Ontario,723,714,708,662,742,742,708,34,No,No,Very Good
CON0029,25 to 34,Other,779,860,774,818,787,860,774,86,No,No,Very Good
CON0030,55 plus,Quebec,720,759,738,712,700,759,700,59,Yes,Yes,Very Good
CON0031,18 to 24,British Columbia,683,653,648,619,692,692,648,44,Yes,Yes,Good
CON0032,55 plus,Alberta,525,553,540,521,548,553,525,28,Yes,Yes,Poor
CON0033,45 to 54,British Columbia,614,646,610,604,607,646,607,39,Yes,Yes,Fair
CON0034,35 to 44,Ontario,709,748,683,687,703,748,683,65,Yes,Yes,Good
CON0035,25 to 34,Ontario,654,605,621,576,650,654,605,49,No,No,Fair
CON0036,55 plus,Alberta,725,719,715,696,713,725,713,12,No,No,Very Good
CON0037,45 to 54,Ontario,832,777,857,739,801,857,777,80,No,No,Excellent
CON0038,25 to 34,Alberta,856,823,843,781,841,856,823,33,Yes,Yes,Excellent
CON0039,35 to 44,British Columbia,735,691,756,660,735,756,691,65,No,No,Very Good
CON0040,25 to 34,Ontario,438,503,459,485,482,503,438,65,Yes,Yes,Poor
CON0041,25 to 34,Quebec,636,618,620,573,654,654,618,36,Yes,Yes,Good
CON0042,18 to 24,Quebec,762,755,733,708,750,762,733,29,Yes,Yes,Very Good
CON0043,25 to 34,Ontario,649,582,632,545,669,669,582,87,Yes,Yes,Fair
CON0044,35 to 44,Ontario,505,432,471,401,498,505,432,73,Yes,Yes,Poor
CON0045,35 to 44,Other,573,526,555,490,580,580,526,54,No,No,Poor
CON0046,45 to 54,Quebec,701,634,694,589,732,732,634,98,Yes,Yes,Good
CON0047,25 to 34,Quebec,683,668,695,632,681,695,668,27,Yes,Yes,Good
CON0048,45 to 54,Ontario,605,625,621,606,609,625,605,20,Yes,No,Fair
CON0049,35 to 44,Alberta,841,757,836,714,878,878,757,121,No,No,Very Good
CON0050,35 to 44,Alberta,797,851,783,791,782,851,782,69,Yes,Yes,Very Good
CON0051,45 to 54,British Columbia,770,761,767,718,798,798,761,37,No,No,Very Good
CON0052,18 to 24,Ontario,677,649,683,607,700,700,649,51,No,No,Good
CON0053,25 to 34,Other,653,617,658,576,662,662,617,45,No,No,Good
CON0054,45 to 54,Alberta,558,601,539,576,561,601,539,62,No,No,Fair
CON0055,35 to 44,Ontario,556,481,546,455,571,571,481,90,Yes,Yes,Poor
CON0056,18 to 24,British Columbia,605,636,614,610,626,636,605,31,Yes,Yes,Fair
CON0057,25 to 34,Ontario,812,817,819,780,820,820,812,8,No,No,Excellent
CON0058,35 to 44,Other,588,556,574,526,592,592,556,36,Yes,Yes,Poor
CON0059,18 to 24,Ontario,535,531,510,507,535,535,510,25,Yes,Yes,Fair
CON0060,35 to 44,Quebec,581,610,598,576,574,610,574,36,Yes,Yes,Fair
CON0061,55 plus,British Columbia,710,769,708,720,738,769,708,61,No,No,Very Good
CON0062,35 to 44,Ontario,820,779,811,738,789,820,779,41,No,No,Excellent
CON0063,45 to 54,Alberta,664,650,665,604,666,666,650,16,Yes,No,Good
CON0064,55 plus,Ontario,793,813,768,752,807,813,768,45,No,No,Excellent
CON0065,45 to 54,Ontario,558,506,562,475,595,595,506,89,No,No,Fair
CON0066,25 to 34,Ontario,707,640,693,623,716,716,640,76,No,No,Good
CON0067,18 to 24,Quebec,614,547,598,540,619,619,547,72,Yes,Yes,Fair
CON0068,25 to 34,Quebec,637,645,619,610,633,645,619,26,Yes,Yes,Good
CON0069,45 to 54,Ontario,563,533,555,502,550,563,533,30,Yes,Yes,Fair
CON0070,25 to 34,British Columbia,729,733,736,692,721,736,721,15,No,No,Good
CON0071,25 to 34,Ontario,781,771,782,730,796,796,771,25,Yes,Yes,Very Good
CON0072,35 to 44,Alberta,706,574,694,555,734,734,574,160,Yes,Yes,Fair
CON0073,45 to 54,British Columbia,576,564,576,543,572,576,564,12,Yes,No,Fair
CON0074,18 to 24,Quebec,644,662,654,614,701,701,644,57,No,No,Fair
CON0075,55 plus,Ontario,670,643,663,588,685,685,643,42,No,No,Good
CON0076,25 to 34,Ontario,522,559,514,531,550,559,514,45,Yes,Yes,Poor
CON0077,45 to 54,British Columbia,775,741,764,701,806,806,741,65,No,No,Very Good
CON0078,35 to 44,Quebec,798,775,778,741,794,798,775,23,No,No,Excellent
CON0079,25 to 34,Ontario,679,689,685,650,659,689,659,30,No,No,Good
CON0080,35 to 44,Ontario,538,552,533,523,543,552,533,19,Yes,No,Fair
CON0081,35 to 44,Ontario,900,884,879,850,882,900,879,21,Yes,Yes,Excellent
CON0082,35 to 44,British Columbia,645,623,613,593,669,669,613,56,Yes,Yes,Good
CON0083,25 to 34,Other,642,580,612,540,669,669,580,89,No,No,Fair
CON0084,35 to 44,Other,563,549,570,528,563,570,549,21,No,No,Fair
CON0085,45 to 54,Ontario,570,577,578,545,548,578,548,30,Yes,Yes,Fair
CON0086,25 to 34,Ontario,750,746,738,717,749,750,738,12,Yes,No,Very Good
CON0087,45 to 54,British Columbia,629,690,623,646,634,690,623,67,No,No,Fair
CON0088,25 to 34,Other,595,629,554,594,620,629,554,75,Yes,Yes,Fair
CON0089,35 to 44,Alberta,771,788,792,723,795,795,771,24,Yes,Yes,Excellent
CON0090,25 to 34,British Columbia,669,659,664,629,689,689,659,30,Yes,Yes,Fair
CON0091,45 to 54,Ontario,597,597,613,557,595,613,595,18,No,No,Fair
CON0092,35 to 44,Ontario,574,576,583,555,532,583,532,51,Yes,Yes,Fair
CON0093,45 to 54,British Columbia,480,522,464,481,480,522,464,58,No,No,Poor
CON0094,45 to 54,Alberta,758,748,751,701,737,758,737,21,No,No,Very Good
CON0095,18 to 24,Quebec,627,589,598,557,627,627,589,38,No,No,Fair
CON0096,35 to 44,Quebec,829,804,827,745,805,829,804,25,No,No,Excellent
CON0097,35 to 44,Alberta,848,814,857,775,868,868,814,54,Yes,Yes,Excellent
CON0098,35 to 44,Ontario,867,812,855,771,865,867,812,55,Yes,Yes,Excellent
CON0099,25 to 34,Quebec,845,870,827,827,864,870,827,43,No,No,Excellent
CON0100,25 to 34,Quebec,616,607,603,564,632,632,603,29,Yes,Yes,Fair
CON0101,45 to 54,Quebec,750,785,742,739,775,785,742,43,Yes,Yes,Very Good
CON0102,25 to 34,Quebec,564,593,553,563,544,593,544,49,No,No,Fair
CON0103,35 to 44,Ontario,565,561,536,514,540,565,536,29,Yes,Yes,Fair
CON0104,18 to 24,British Columbia,515,546,516,515,507,546,507,39,No,No,Poor
CON0105,45 to 54,Quebec,454,465,439,444,439,465,439,26,Yes,Yes,Poor
CON0106,55 plus,Other,900,894,900,850,881,900,881,19,No,No,Excellent
CON0107,35 to 44,Quebec,596,587,593,539,606,606,587,19,No,No,Fair
CON0108,55 plus,Ontario,710,703,709,673,698,710,698,12,Yes,No,Good
CON0109,25 to 34,British Columbia,711,743,720,716,747,747,711,36,Yes,Yes,Very Good
CON0110,25 to 34,Quebec,701,653,702,615,661,702,653,49,Yes,Yes,Good
CON0111,25 to 34,British Columbia,640,590,637,559,641,641,590,51,No,No,Fair
CON0112,25 to 34,Ontario,688,671,666,642,688,688,666,22,Yes,Yes,Good
CON0113,45 to 54,Ontario,707,697,684,656,707,707,684,23,Yes,Yes,Very Good
CON0114,25 to 34,Ontario,635,630,620,599,673,673,620,53,No,No,Fair
CON0115,35 to 44,Ontario,859,858,860,809,873,873,858,15,Yes,No,Excellent
CON0116,35 to 44,Quebec,670,669,673,647,682,682,669,13,Yes,No,Good
CON0117,45 to 54,Alberta,658,708,664,671,659,708,658,50,Yes,Yes,Good
CON0118,35 to 44,Other,453,456,454,418,471,471,453,18,Yes,No,Poor
CON0119,25 to 34,Other,803,796,803,742,790,803,790,13,Yes,No,Very Good
CON0120,45 to 54,Quebec,557,575,565,551,540,575,540,35,Yes,Yes,Poor
CON0121,25 to 34,Quebec,612,576,620,539,619,620,576,44,Yes,Yes,Fair
CON0122,45 to 54,Alberta,846,838,852,794,853,853,838,15,Yes,No,Very Good
CON0123,45 to 54,Alberta,549,548,550,508,573,573,548,25,No,No,Fair
CON0124,25 to 34,Ontario,791,761,801,721,819,819,761,58,No,No,Very Good
CON0125,45 to 54,Quebec,598,500,581,487,561,598,500,98,No,No,Fair
CON0126,25 to 34,Ontario,897,887,882,843,900,900,882,18,Yes,No,Excellent
CON0127,45 to 54,Ontario,729,729,729,686,729,729,729,0,Yes,No,Very Good
CON0128,18 to 24,Ontario,644,601,614,563,644,644,601,43,No,No,Fair
CON0129,45 to 54,Ontario,618,606,599,564,626,626,599,27,Yes,Yes,Fair
CON0130,35 to 44,Ontario,683,583,680,559,691,691,583,108,Yes,Yes,Fair
CON0131,25 to 34,British Columbia,698,672,706,650,702,706,672,34,No,No,Good
CON0132,18 to 24,Other,492,485,482,459,491,492,482,10,No,No,Poor
CON0133,25 to 34,Alberta,545,541,525,512,550,550,525,25,No,No,Fair
CON0134,35 to 44,British Columbia,723,817,733,771,749,817,723,94,Yes,Yes,Very Good
CON0135,55 plus,Ontario,647,632,657,605,664,664,632,32,No,No,Fair
CON0136,45 to 54,Quebec,699,735,702,698,725,735,699,36,Yes,Yes,Very Good
CON0137,35 to 44,Quebec,655,677,625,617,670,677,625,52,No,No,Good
CON0138,25 to 34,Ontario,730,755,730,704,738,755,730,25,Yes,Yes,Very Good
CON0139,45 to 54,Quebec,661,677,665,656,680,680,661,19,Yes,No,Fair
CON0140,35 to 44,Ontario,562,559,527,510,575,575,527,48,Yes,Yes,Poor
CON0141,35 to 44,Ontario,699,733,713,683,725,733,699,34,Yes,Yes,Good
CON0142,25 to 34,Ontario,588,547,582,510,601,601,547,54,No,No,Fair
CON0143,45 to 54,Quebec,666,706,664,662,656,706,656,50,No,No,Good
CON0144,45 to 54,British Columbia,713,704,704,649,754,754,704,50,No,No,Very Good
CON0145,45 to 54,Quebec,738,695,751,661,717,751,695,56,No,No,Very Good
CON0146,25 to 34,Other,530,498,531,466,541,541,498,43,Yes,Yes,Poor
CON0147,45 to 54,Alberta,694,721,702,694,715,721,694,27,Yes,Yes,Good
CON0148,45 to 54,Alberta,628,597,633,573,659,659,597,62,Yes,Yes,Fair
CON0149,45 to 54,British Columbia,591,559,577,520,599,599,559,40,Yes,Yes,Fair
CON0150,55 plus,British Columbia,655,537,655,490,690,690,537,153,Yes,Yes,Fair
CON0151,25 to 34,Quebec,609,631,599,597,603,631,599,32,No,No,Fair
CON0152,25 to 34,Other,626,653,597,612,658,658,597,61,Yes,Yes,Fair
CON0153,18 to 24,British Columbia,484,454,495,427,490,495,454,41,Yes,Yes,Poor
CON0154,45 to 54,Ontario,764,824,765,785,745,824,745,79,Yes,Yes,Very Good
CON0155,18 to 24,Ontario,705,762,717,718,708,762,705,57,No,No,Very Good
CON0156,18 to 24,British Columbia,513,499,507,469,530,530,499,31,No,No,Poor
CON0157,25 to 34,Ontario,630,650,614,625,635,650,614,36,Yes,Yes,Fair
CON0158,18 to 24,British Columbia,606,567,612,558,634,634,567,67,Yes,Yes,Fair
CON0159,25 to 34,Ontario,790,753,795,692,755,795,753,42,No,No,Very Good
CON0160,18 to 24,British Columbia,622,535,599,504,609,622,535,87,No,No,Fair
CON0161,18 to 24,Quebec,789,686,789,635,768,789,686,103,Yes,Yes,Very Good
CON0162,55 plus,British Columbia,672,655,672,629,667,672,655,17,Yes,No,Good
CON0163,18 to 24,Ontario,655,627,670,597,646,670,627,43,No,No,Good
CON0164,55 plus,British Columbia,604,586,625,541,607,625,586,39,No,No,Good
CON0165,18 to 24,Quebec,655,607,634,564,654,655,607,48,Yes,Yes,Good
CON0166,25 to 34,Other,574,568,557,555,586,586,557,29,Yes,Yes,Fair
CON0167,35 to 44,Other,892,900,896,837,900,900,892,8,Yes,No,Excellent
CON0168,25 to 34,Quebec,512,542,509,513,499,542,499,43,No,No,Poor
CON0169,25 to 34,Quebec,511,523,524,482,505,524,505,19,Yes,No,Fair
CON0170,25 to 34,British Columbia,818,746,814,697,816,818,746,72,No,No,Very Good
CON0171,55 plus,British Columbia,685,597,681,570,673,685,597,88,Yes,Yes,Fair
CON0172,55 plus,Alberta,546,571,553,550,557,571,546,25,No,No,Fair
CON0173,18 to 24,Alberta,776,792,754,752,787,792,754,38,Yes,Yes,Very Good
CON0174,25 to 34,Other,578,587,556,550,577,587,556,31,No,No,Fair
CON0175,35 to 44,Quebec,504,505,494,490,503,505,494,11,Yes,No,Poor
CON0176,55 plus,Ontario,758,767,746,734,757,767,746,21,Yes,Yes,Very Good
CON0177,55 plus,Alberta,717,670,733,618,755,755,670,85,Yes,Yes,Good
CON0178,25 to 34,Other,566,599,570,553,565,599,565,34,Yes,Yes,Fair
CON0179,18 to 24,Ontario,552,529,530,482,542,552,529,23,No,No,Fair
CON0180,35 to 44,Ontario,531,541,511,503,518,541,511,30,No,No,Poor
CON0181,35 to 44,British Columbia,506,479,490,455,511,511,479,32,Yes,Yes,Poor
CON0182,18 to 24,Ontario,592,585,564,569,558,592,558,34,Yes,Yes,Fair
CON0183,25 to 34,Quebec,655,613,661,585,666,666,613,53,Yes,Yes,Fair
CON0184,35 to 44,British Columbia,697,678,709,633,728,728,678,50,Yes,Yes,Good
CON0185,25 to 34,Ontario,669,687,658,655,669,687,658,29,Yes,Yes,Good
CON0186,55 plus,Quebec,747,723,746,688,735,747,723,24,No,No,Very Good
CON0187,35 to 44,Quebec,629,577,620,540,629,629,577,52,Yes,Yes,Fair
CON0188,25 to 34,Other,813,866,835,803,835,866,813,53,No,No,Excellent
CON0189,35 to 44,British Columbia,738,686,733,653,753,753,686,67,No,No,Good
CON0190,25 to 34,Ontario,585,561,575,545,586,586,561,25,No,No,Fair
CON0191,55 plus,Quebec,517,495,538,457,539,539,495,44,No,No,Poor
CON0192,45 to 54,Quebec,607,672,605,651,604,672,604,68,No,No,Fair
CON0193,45 to 54,Ontario,613,579,593,549,608,613,579,34,No,No,Fair
CON0194,45 to 54,Other,689,667,691,625,675,691,667,24,No,No,Good
CON0195,35 to 44,Ontario,658,670,660,625,684,684,658,26,Yes,Yes,Good
CON0196,45 to 54,Quebec,733,701,748,659,711,748,701,47,Yes,Yes,Very Good
CON0197,25 to 34,Quebec,709,675,743,634,726,743,675,68,Yes,Yes,Good
CON0198,25 to 34,Other,596,539,580,519,617,617,539,78,No,No,Poor
CON0199,35 to 44,Ontario,822,818,828,770,809,828,809,19,Yes,No,Excellent
CON0200,35 to 44,Ontario,740,740,726,707,761,761,726,35,No,No,Good
CON0201,45 to 54,Ontario,532,558,532,525,527,558,527,31,Yes,Yes,Poor
CON0202,55 plus,Ontario,747,807,730,755,751,807,730,77,No,No,Very Good
CON0203,55 plus,Ontario,700,659,687,618,662,700,659,41,No,No,Good
CON0204,55 plus,Other,823,787,818,719,827,827,787,40,No,No,Very Good
CON0205,35 to 44,British Columbia,796,853,817,798,851,853,796,57,No,No,Very Good
CON0206,25 to 34,Ontario,710,729,711,693,730,730,710,20,No,No,Very Good
CON0207,45 to 54,British Columbia,668,692,654,666,641,692,641,51,Yes,Yes,Good
CON0208,25 to 34,Quebec,627,647,632,610,643,647,627,20,No,No,Fair
CON0209,18 to 24,Ontario,665,657,662,618,662,665,657,8,Yes,No,Fair
CON0210,25 to 34,Quebec,470,451,453,442,499,499,451,48,Yes,Yes,Poor
CON0211,35 to 44,British Columbia,720,696,695,646,734,734,695,39,No,No,Good
CON0212,45 to 54,Ontario,706,676,671,647,718,718,671,47,Yes,Yes,Good
CON0213,35 to 44,Ontario,795,729,790,693,810,810,729,81,Yes,Yes,Very Good
CON0214,35 to 44,Ontario,630,566,624,522,639,639,566,73,Yes,Yes,Fair
CON0215,18 to 24,Ontario,683,667,694,629,663,694,663,31,Yes,Yes,Very Good
CON0216,45 to 54,Quebec,891,900,900,850,897,900,891,9,No,No,Excellent
CON0217,25 to 34,Quebec,588,630,583,609,563,630,563,67,No,No,Fair
CON0218,45 to 54,Ontario,528,514,530,473,526,530,514,16,Yes,No,Poor
CON0219,25 to 34,Ontario,754,721,733,662,751,754,721,33,Yes,Yes,Very Good
CON0220,55 plus,Ontario,796,845,808,782,813,845,796,49,Yes,Yes,Excellent
CON0221,25 to 34,Ontario,696,640,678,619,707,707,640,67,Yes,Yes,Good
CON0222,25 to 34,Quebec,686,655,681,624,663,686,655,31,No,No,Good
CON0223,18 to 24,Other,658,654,670,618,675,675,654,21,No,No,Fair
CON0224,35 to 44,Alberta,765,740,767,722,761,767,740,27,Yes,Yes,Very Good
CON0225,25 to 34,Quebec,632,575,644,523,640,644,575,69,No,No,Fair
CON0226,25 to 34,Quebec,759,805,751,764,772,805,751,54,No,No,Very Good
CON0227,35 to 44,Alberta,685,680,671,640,714,714,671,43,Yes,Yes,Good
CON0228,55 plus,Ontario,639,637,628,607,631,639,628,11,No,No,Good
CON0229,25 to 34,Other,715,742,710,701,742,742,710,32,Yes,Yes,Good
CON0230,35 to 44,Ontario,659,645,652,608,683,683,645,38,No,No,Good
CON0231,25 to 34,Ontario,503,507,491,467,517,517,491,26,Yes,Yes,Poor
CON0232,45 to 54,British Columbia,772,759,772,711,790,790,759,31,No,No,Very Good
CON0233,25 to 34,Alberta,623,666,583,621,610,666,583,83,Yes,Yes,Fair
CON0234,18 to 24,Alberta,620,673,606,633,619,673,606,67,No,No,Fair
CON0235,18 to 24,British Columbia,551,528,561,500,582,582,528,54,Yes,Yes,Fair
CON0236,35 to 44,Ontario,540,529,524,498,543,543,524,19,Yes,No,Fair
CON0237,55 plus,Ontario,707,677,705,630,682,707,677,30,Yes,Yes,Fair
CON0238,25 to 34,British Columbia,722,639,713,602,742,742,639,103,Yes,Yes,Good
CON0239,45 to 54,Ontario,738,702,707,651,712,738,702,36,Yes,Yes,Very Good
CON0240,45 to 54,Quebec,638,648,634,601,641,648,634,14,No,No,Fair
CON0241,35 to 44,Ontario,787,777,785,747,763,787,763,24,Yes,Yes,Very Good
CON0242,55 plus,Quebec,826,834,820,795,823,834,820,14,No,No,Excellent
CON0243,25 to 34,Alberta,622,653,622,617,659,659,622,37,Yes,Yes,Fair
CON0244,18 to 24,British Columbia,658,712,652,645,660,712,652,60,No,No,Good
CON0245,25 to 34,Other,624,602,615,568,623,624,602,22,Yes,Yes,Fair
CON0246,35 to 44,Alberta,584,477,588,448,581,588,477,111,No,No,Poor
CON0247,18 to 24,Ontario,726,697,701,657,714,726,697,29,Yes,Yes,Good
CON0248,25 to 34,Ontario,641,625,643,577,651,651,625,26,Yes,Yes,Fair
CON0249,18 to 24,Other,798,752,806,707,818,818,752,66,No,No,Very Good
CON0250,35 to 44,Ontario,790,797,797,757,804,804,790,14,Yes,No,Very Good
CON0251,35 to 44,Ontario,590,584,590,551,618,618,584,34,Yes,Yes,Fair
CON0252,25 to 34,Alberta,658,561,671,532,646,671,561,110,No,No,Fair
CON0253,55 plus,Other,720,677,747,641,737,747,677,70,Yes,Yes,Very Good
CON0254,25 to 34,Ontario,604,601,594,554,630,630,594,36,Yes,Yes,Fair
CON0255,45 to 54,British Columbia,553,544,531,524,551,553,531,22,Yes,Yes,Fair
CON0256,25 to 34,Quebec,562,608,543,559,565,608,543,65,No,No,Fair
CON0257,55 plus,Quebec,671,705,665,655,686,705,665,40,Yes,Yes,Good
CON0258,45 to 54,Quebec,669,713,653,670,667,713,653,60,Yes,Yes,Good
CON0259,55 plus,British Columbia,648,689,641,636,668,689,641,48,Yes,Yes,Fair
CON0260,25 to 34,Quebec,698,612,691,568,693,698,612,86,No,No,Good
CON0261,18 to 24,Other,584,586,581,531,610,610,581,29,Yes,Yes,Fair
CON0262,45 to 54,Ontario,660,630,671,584,665,671,630,41,Yes,Yes,Fair
CON0263,55 plus,Ontario,677,703,655,660,671,703,655,48,Yes,Yes,Good
CON0264,35 to 44,British Columbia,767,747,760,699,776,776,747,29,Yes,Yes,Very Good
CON0265,45 to 54,Alberta,612,586,599,551,604,612,586,26,Yes,Yes,Fair
CON0266,55 plus,British Columbia,859,825,866,771,865,866,825,41,No,No,Excellent
CON0267,45 to 54,Quebec,542,527,530,505,525,542,525,17,Yes,No,Fair
CON0268,45 to 54,British Columbia,634,640,634,601,647,647,634,13,Yes,No,Fair
CON0269,55 plus,British Columbia,752,737,766,690,731,766,731,35,Yes,Yes,Very Good
CON0270,18 to 24,Alberta,742,702,739,661,746,746,702,44,No,No,Very Good
CON0271,18 to 24,Ontario,560,536,541,512,546,560,536,24,No,No,Fair
CON0272,45 to 54,British Columbia,673,622,666,571,683,683,622,61,Yes,Yes,Fair
CON0273,45 to 54,British Columbia,826,796,809,752,825,826,796,30,No,No,Very Good
CON0274,25 to 34,Alberta,846,804,829,769,848,848,804,44,Yes,Yes,Excellent
CON0275,45 to 54,Quebec,835,829,857,774,830,857,829,28,Yes,Yes,Excellent
CON0276,35 to 44,Ontario,727,704,727,659,741,741,704,37,No,No,Good
CON0277,55 plus,Alberta,674,699,636,657,670,699,636,63,No,No,Fair
CON0278,45 to 54,Quebec,860,894,876,843,891,894,860,34,No,No,Excellent
CON0279,55 plus,Ontario,549,532,559,488,559,559,532,27,Yes,Yes,Poor
CON0280,45 to 54,Quebec,696,567,717,534,700,717,567,150,No,No,Fair
CON0281,25 to 34,Ontario,546,517,546,481,546,546,517,29,Yes,Yes,Poor
CON0282,45 to 54,Ontario,690,664,676,617,694,694,664,30,Yes,Yes,Good
CON0283,55 plus,Ontario,664,726,679,685,667,726,664,62,No,No,Good
CON0284,25 to 34,Ontario,794,793,818,746,822,822,793,29,No,No,Very Good
CON0285,45 to 54,Ontario,744,692,760,654,773,773,692,81,Yes,Yes,Very Good
CON0286,55 plus,British Columbia,731,704,725,658,703,731,703,28,Yes,Yes,Good
CON0287,18 to 24,Quebec,767,743,756,693,804,804,743,61,No,No,Very Good
CON0288,35 to 44,Quebec,900,884,900,848,900,900,884,16,No,No,Excellent
CON0289,45 to 54,Quebec,751,692,719,657,758,758,692,66,Yes,Yes,Very Good
CON0290,35 to 44,Quebec,747,756,751,724,761,761,747,14,No,No,Very Good
CON0291,45 to 54,Ontario,554,578,539,533,554,578,539,39,Yes,Yes,Fair
CON0292,35 to 44,Other,820,834,816,773,823,834,816,18,No,No,Excellent
CON0293,45 to 54,Other,712,732,693,680,735,735,693,42,No,No,Good
CON0294,35 to 44,Quebec,708,695,708,672,722,722,695,27,Yes,Yes,Good
CON0295,25 to 34,British Columbia,566,566,570,528,560,570,560,10,Yes,No,Poor
CON0296,18 to 24,Quebec,682,667,690,637,662,690,662,28,No,No,Good
CON0297,25 to 34,Quebec,683,707,686,654,693,707,683,24,No,No,Good
CON0298,45 to 54,Quebec,810,764,797,732,807,810,764,46,Yes,Yes,Very Good
CON0299,45 to 54,Ontario,821,768,847,725,820,847,768,79,Yes,Yes,Very Good
CON0300,35 to 44,Ontario,607,661,609,616,626,661,607,54,Yes,Yes,Fair
CON0301,55 plus,Ontario,793,756,778,710,795,795,756,39,Yes,Yes,Very Good
CON0302,45 to 54,British Columbia,641,676,624,617,631,676,624,52,Yes,Yes,Fair
CON0303,55 plus,Ontario,562,527,562,489,580,580,527,53,No,No,Poor
CON0304,25 to 34,British Columbia,892,900,894,845,900,900,892,8,Yes,No,Excellent
CON0305,35 to 44,Quebec,743,683,757,631,751,757,683,74,Yes,Yes,Good
CON0306,25 to 34,Alberta,775,791,772,740,785,791,772,19,No,No,Excellent
CON0307,35 to 44,Ontario,676,630,647,594,671,676,630,46,Yes,Yes,Good
CON0308,35 to 44,Quebec,900,885,889,850,885,900,885,15,Yes,No,Excellent
CON0309,35 to 44,British Columbia,710,713,710,674,707,713,707,6,No,No,Good
CON0310,25 to 34,Ontario,699,644,718,602,675,718,644,74,Yes,Yes,Good
CON0311,25 to 34,British Columbia,766,692,757,658,786,786,692,94,No,No,Very Good
CON0312,45 to 54,Quebec,716,680,718,650,741,741,680,61,Yes,Yes,Good
CON0313,35 to 44,Ontario,694,723,695,675,714,723,694,29,No,No,Good
CON0314,45 to 54,Ontario,771,704,773,664,794,794,704,90,Yes,Yes,Very Good
CON0315,35 to 44,Quebec,733,830,748,773,754,830,733,97,Yes,Yes,Excellent
CON0316,55 plus,Alberta,674,730,681,684,680,730,674,56,Yes,Yes,Good
CON0317,18 to 24,Quebec,781,781,793,741,768,793,768,25,Yes,Yes,Very Good
CON0318,25 to 34,Ontario,702,661,727,637,710,727,661,66,Yes,Yes,Good
CON0319,35 to 44,Quebec,636,624,639,595,674,674,624,50,No,No,Fair
CON0320,55 plus,British Columbia,670,746,652,693,668,746,652,94,Yes,Yes,Very Good
CON0321,55 plus,British Columbia,729,708,755,668,726,755,708,47,No,No,Good
CON0322,55 plus,Ontario,900,900,900,847,900,900,900,0,No,No,Excellent
CON0323,25 to 34,Quebec,760,704,742,674,734,760,704,56,No,No,Good
CON0324,35 to 44,Ontario,545,639,545,615,541,639,541,98,No,No,Fair
CON0325,25 to 34,British Columbia,731,728,742,693,741,742,728,14,Yes,No,Very Good
CON0326,25 to 34,Ontario,718,749,730,723,705,749,705,44,No,No,Very Good
CON0327,55 plus,British Columbia,790,838,761,800,789,838,761,77,Yes,Yes,Excellent
CON0328,35 to 44,Ontario,669,685,694,653,628,694,628,66,No,No,Fair
CON0329,25 to 34,Quebec,536,590,521,551,534,590,521,69,Yes,Yes,Fair
CON0330,18 to 24,Quebec,574,659,565,647,575,659,565,94,No,No,Fair
CON0331,25 to 34,Other,733,657,714,630,759,759,657,102,Yes,Yes,Very Good
CON0332,25 to 34,Ontario,695,679,670,649,686,695,670,25,Yes,Yes,Good
CON0333,55 plus,British Columbia,683,689,679,647,639,689,639,50,Yes,Yes,Good
CON0334,25 to 34,Ontario,626,554,625,514,607,626,554,72,No,No,Fair
CON0335,45 to 54,British Columbia,671,648,665,616,689,689,648,41,No,No,Fair
CON0336,25 to 34,Alberta,798,739,782,721,809,809,739,70,Yes,Yes,Very Good
CON0337,25 to 34,Ontario,734,729,750,685,709,750,709,41,Yes,Yes,Very Good
CON0338,25 to 34,Quebec,800,787,788,736,817,817,787,30,No,No,Very Good
CON0339,25 to 34,British Columbia,684,678,689,656,704,704,678,26,Yes,Yes,Good
CON0340,35 to 44,Ontario,639,618,632,590,631,639,618,21,Yes,Yes,Fair
CON0341,25 to 34,British Columbia,704,720,708,677,701,720,701,19,No,No,Good
CON0342,55 plus,British Columbia,551,589,523,545,564,589,523,66,No,No,Fair
CON0343,45 to 54,Quebec,634,662,616,603,636,662,616,46,No,No,Fair
CON0344,18 to 24,British Columbia,820,818,853,790,818,853,818,35,No,No,Very Good
CON0345,55 plus,Ontario,409,318,384,300,451,451,318,133,Yes,Yes,Poor
CON0346,35 to 44,British Columbia,618,587,629,566,599,629,587,42,Yes,Yes,Fair
CON0347,35 to 44,Ontario,633,568,615,557,621,633,568,65,Yes,Yes,Fair
CON0348,18 to 24,Ontario,581,548,583,503,586,586,548,38,Yes,Yes,Fair
CON0349,45 to 54,Other,531,611,533,573,545,611,531,80,No,No,Poor
CON0350,18 to 24,Alberta,851,825,857,763,855,857,825,32,Yes,Yes,Excellent
CON0351,25 to 34,Ontario,769,773,754,717,784,784,754,30,No,No,Very Good
CON0352,25 to 34,British Columbia,615,689,590,644,616,689,590,99,Yes,Yes,Good
CON0353,25 to 34,British Columbia,742,796,739,760,716,796,716,80,No,No,Very Good
CON0354,18 to 24,Ontario,629,654,609,613,626,654,609,45,No,No,Fair
CON0355,45 to 54,Quebec,806,719,794,689,841,841,719,122,Yes,Yes,Very Good
CON0356,35 to 44,Ontario,639,543,617,521,622,639,543,96,Yes,Yes,Fair
CON0357,35 to 44,Ontario,842,825,836,791,832,842,825,17,Yes,No,Excellent
CON0358,25 to 34,Ontario,677,731,668,681,688,731,668,63,Yes,Yes,Good
CON0359,45 to 54,Ontario,547,570,547,523,548,570,547,23,No,No,Fair
CON0360,55 plus,Ontario,596,608,595,588,597,608,595,13,No,No,Fair
CON0361,45 to 54,Quebec,720,754,735,726,704,754,704,50,No,No,Very Good
CON0362,25 to 34,Ontario,567,534,520,503,588,588,520,68,No,No,Fair
CON0363,55 plus,Quebec,609,601,594,550,606,609,594,15,Yes,No,Fair
CON0364,25 to 34,Alberta,730,776,719,736,738,776,719,57,No,No,Very Good
CON0365,25 to 34,Alberta,768,711,768,661,794,794,711,83,Yes,Yes,Very Good
CON0366,55 plus,Ontario,689,675,671,646,675,689,671,18,No,No,Good
CON0367,18 to 24,Ontario,480,449,483,442,494,494,449,45,Yes,Yes,Poor
CON0368,35 to 44,Quebec,459,446,458,417,432,459,432,27,Yes,Yes,Poor
CON0369,35 to 44,Quebec,663,646,683,618,692,692,646,46,Yes,Yes,Good
CON0370,25 to 34,Ontario,544,490,561,460,550,561,490,71,Yes,Yes,Fair
CON0371,45 to 54,Ontario,640,598,655,559,634,655,598,57,Yes,Yes,Fair
CON0372,45 to 54,Quebec,601,594,620,558,618,620,594,26,Yes,Yes,Fair
CON0373,55 plus,Other,841,851,862,799,852,862,841,21,Yes,Yes,Excellent
CON0374,25 to 34,Quebec,736,715,748,669,734,748,715,33,Yes,Yes,Good
CON0375,35 to 44,Ontario,709,703,703,678,711,711,703,8,No,No,Very Good
CON0376,35 to 44,Ontario,604,545,595,523,629,629,545,84,No,No,Fair
CON0377,45 to 54,Ontario,614,607,604,575,610,614,604,10,Yes,No,Fair
CON0378,45 to 54,Ontario,732,717,738,670,733,738,717,21,Yes,Yes,Very Good
CON0379,55 plus,Alberta,607,621,597,601,610,621,597,24,No,No,Fair
CON0380,25 to 34,Other,705,633,699,603,716,716,633,83,Yes,Yes,Good
CON0381,25 to 34,Quebec,631,622,630,582,665,665,622,43,Yes,Yes,Fair
CON0382,35 to 44,Quebec,665,689,643,654,682,689,643,46,No,No,Good
CON0383,25 to 34,Alberta,845,818,853,779,845,853,818,35,No,No,Excellent
CON0384,25 to 34,British Columbia,531,596,541,584,549,596,531,65,No,No,Fair
CON0385,45 to 54,Alberta,679,719,687,677,685,719,679,40,No,No,Good
CON0386,25 to 34,Quebec,863,829,868,790,869,869,829,40,No,No,Excellent
CON0387,35 to 44,Quebec,649,592,628,554,638,649,592,57,Yes,Yes,Good
CON0388,35 to 44,Other,617,595,630,547,642,642,595,47,Yes,Yes,Fair
CON0389,35 to 44,Ontario,625,661,597,626,623,661,597,64,No,No,Fair
CON0390,45 to 54,British Columbia,742,704,726,665,764,764,704,60,No,No,Very Good
CON0391,35 to 44,Ontario,630,568,626,544,644,644,568,76,Yes,Yes,Fair
CON0392,55 plus,Ontario,544,543,555,516,572,572,543,29,Yes,Yes,Fair
CON0393,45 to 54,Ontario,719,636,707,585,726,726,636,90,No,No,Good
CON0394,45 to 54,Ontario,712,714,674,670,736,736,674,62,Yes,Yes,Good
CON0395,55 plus,British Columbia,801,753,789,705,797,801,753,48,Yes,Yes,Very Good
CON0396,35 to 44,Quebec,658,714,662,691,646,714,646,68,Yes,Yes,Good
CON0397,55 plus,Alberta,484,554,492,519,485,554,484,70,Yes,Yes,Poor
CON0398,25 to 34,Quebec,455,464,467,437,449,467,449,18,No,No,Poor
CON0399,55 plus,Other,578,636,569,601,567,636,567,69,Yes,Yes,Fair
CON0400,55 plus,Quebec,758,709,730,664,787,787,709,78,No,No,Very Good
CON0401,55 plus,Quebec,616,599,603,557,641,641,599,42,No,No,Fair
CON0402,35 to 44,Quebec,524,507,525,471,543,543,507,36,Yes,Yes,Poor
CON0403,18 to 24,Ontario,616,644,639,612,599,644,599,45,No,No,Good
CON0404,45 to 54,Ontario,764,721,769,680,801,801,721,80,No,No,Very Good
CON0405,45 to 54,Quebec,852,881,865,830,820,881,820,61,Yes,Yes,Excellent
CON0406,55 plus,Other,660,685,676,655,656,685,656,29,Yes,Yes,Good
CON0407,45 to 54,Other,656,645,671,612,624,671,624,47,No,No,Fair
CON0408,25 to 34,Ontario,539,523,529,497,497,539,497,42,No,No,Fair
CON0409,18 to 24,Quebec,709,651,703,603,721,721,651,70,Yes,Yes,Good
CON0410,55 plus,Quebec,637,598,639,563,645,645,598,47,No,No,Fair
CON0411,25 to 34,Ontario,550,501,565,470,564,565,501,64,Yes,Yes,Poor
CON0412,25 to 34,Ontario,587,576,587,545,605,605,576,29,No,No,Fair
CON0413,35 to 44,Other,340,385,300,378,344,385,300,85,No,No,Poor
CON0414,25 to 34,British Columbia,450,475,433,469,432,475,432,43,Yes,Yes,Poor
CON0415,55 plus,Ontario,794,769,808,723,798,808,769,39,Yes,Yes,Excellent
CON0416,35 to 44,Quebec,721,752,711,713,724,752,711,41,No,No,Very Good
CON0417,35 to 44,Other,638,572,628,557,637,638,572,66,No,No,Fair
CON0418,35 to 44,Quebec,756,713,756,689,769,769,713,56,Yes,Yes,Very Good
CON0419,35 to 44,Quebec,693,631,677,610,698,698,631,67,No,No,Good
CON0420,45 to 54,Ontario,639,661,629,628,639,661,629,32,Yes,Yes,Good
CON0421,18 to 24,British Columbia,652,632,660,584,658,660,632,28,No,No,Good
CON0422,45 to 54,Ontario,420,457,432,446,407,457,407,50,No,No,Poor
CON0423,55 plus,Ontario,546,548,543,507,537,548,537,11,No,No,Poor
CON0424,25 to 34,Alberta,729,692,735,647,731,735,692,43,Yes,Yes,Very Good
CON0425,35 to 44,British Columbia,788,768,760,754,768,788,760,28,Yes,Yes,Very Good
CON0426,35 to 44,Ontario,716,694,694,652,727,727,694,33,No,No,Good
CON0427,35 to 44,Ontario,725,685,726,642,750,750,685,65,Yes,Yes,Very Good
CON0428,45 to 54,Ontario,664,652,669,614,648,669,648,21,No,No,Good
CON0429,35 to 44,Alberta,727,719,731,672,727,731,719,12,No,No,Very Good
CON0430,18 to 24,British Columbia,773,730,799,692,779,799,730,69,Yes,Yes,Very Good
CON0431,55 plus,British Columbia,573,517,551,476,569,573,517,56,No,No,Fair
CON0432,35 to 44,British Columbia,641,623,612,585,663,663,612,51,Yes,Yes,Fair
CON0433,35 to 44,Ontario,529,578,505,551,550,578,505,73,No,No,Fair
CON0434,35 to 44,Ontario,476,522,454,488,488,522,454,68,Yes,Yes,Poor
CON0435,18 to 24,Other,739,747,727,694,745,747,727,20,Yes,No,Very Good
CON0436,25 to 34,Quebec,606,655,577,617,631,655,577,78,Yes,Yes,Fair
CON0437,25 to 34,Alberta,525,526,519,506,517,526,517,9,Yes,No,Fair
CON0438,35 to 44,Ontario,547,514,542,487,556,556,514,42,Yes,Yes,Poor
CON0439,35 to 44,British Columbia,607,579,609,552,584,609,579,30,Yes,Yes,Fair
CON0440,35 to 44,Ontario,811,765,807,716,810,811,765,46,Yes,Yes,Very Good
CON0441,18 to 24,Quebec,747,762,776,708,737,776,737,39,No,No,Very Good
CON0442,45 to 54,Quebec,674,556,683,528,669,683,556,127,No,No,Good
CON0443,35 to 44,Quebec,681,672,667,632,668,681,667,14,Yes,No,Good
CON0444,18 to 24,Ontario,645,643,668,596,647,668,643,25,Yes,Yes,Fair
CON0445,18 to 24,Quebec,646,647,624,619,662,662,624,38,No,No,Fair
CON0446,35 to 44,Ontario,773,767,754,722,779,779,754,25,No,No,Excellent
CON0447,18 to 24,Ontario,668,638,650,603,644,668,638,30,Yes,Yes,Good
CON0448,45 to 54,Alberta,747,667,772,624,756,772,667,105,Yes,Yes,Good
CON0449,25 to 34,Quebec,682,641,659,601,700,700,641,59,Yes,Yes,Good
CON0450,25 to 34,Alberta,710,704,714,657,686,714,686,28,Yes,Yes,Very Good
CON0451,45 to 54,Alberta,614,577,621,535,640,640,577,63,No,No,Fair
CON0452,25 to 34,British Columbia,640,653,627,618,660,660,627,33,No,No,Good
CON0453,55 plus,British Columbia,641,648,636,616,649,649,636,13,Yes,No,Fair
CON0454,35 to 44,Quebec,689,696,688,670,689,696,688,8,No,No,Good
CON0455,45 to 54,Ontario,820,804,803,763,848,848,803,45,Yes,Yes,Excellent
CON0456,18 to 24,Ontario,560,570,564,545,565,570,560,10,No,No,Fair
CON0457,18 to 24,Ontario,663,643,670,590,663,670,643,27,Yes,Yes,Good
CON0458,25 to 34,Other,719,714,745,671,746,746,714,32,Yes,Yes,Very Good
CON0459,45 to 54,Other,693,663,692,619,737,737,663,74,No,No,Good
CON0460,45 to 54,Other,687,680,646,626,679,687,646,41,Yes,Yes,Very Good
CON0461,55 plus,Quebec,558,552,555,534,571,571,552,19,Yes,No,Poor
CON0462,18 to 24,Quebec,639,560,634,532,631,639,560,79,No,No,Fair
CON0463,55 plus,Quebec,896,826,894,785,891,896,826,70,No,No,Excellent
CON0464,25 to 34,Quebec,608,591,573,559,622,622,573,49,Yes,Yes,Fair
CON0465,35 to 44,Ontario,878,806,854,748,861,878,806,72,Yes,Yes,Excellent
CON0466,55 plus,Other,569,646,562,617,557,646,557,89,Yes,Yes,Fair
CON0467,35 to 44,British Columbia,729,735,732,681,735,735,729,6,No,No,Good
CON0468,25 to 34,Quebec,858,767,838,723,858,858,767,91,Yes,Yes,Very Good
CON0469,25 to 34,British Columbia,602,582,594,535,609,609,582,27,Yes,Yes,Fair
CON0470,35 to 44,Ontario,619,647,605,613,630,647,605,42,Yes,Yes,Fair
CON0471,18 to 24,Alberta,683,623,684,603,722,722,623,99,Yes,Yes,Good
CON0472,25 to 34,Quebec,359,369,340,345,331,369,331,38,Yes,Yes,Poor
CON0473,35 to 44,Ontario,580,597,585,549,586,597,580,17,Yes,No,Poor
CON0474,55 plus,Ontario,443,455,441,444,470,470,441,29,Yes,Yes,Poor
CON0475,45 to 54,Alberta,624,631,606,590,609,631,606,25,Yes,Yes,Fair
CON0476,35 to 44,Quebec,679,641,681,608,667,681,641,40,No,No,Fair
CON0477,35 to 44,Ontario,729,714,736,671,745,745,714,31,Yes,Yes,Very Good
CON0478,18 to 24,Quebec,710,648,685,606,718,718,648,70,No,No,Very Good
CON0479,55 plus,British Columbia,794,813,794,770,800,813,794,19,Yes,No,Excellent
CON0480,55 plus,Ontario,571,552,571,529,595,595,552,43,Yes,Yes,Poor
CON0481,55 plus,Ontario,681,672,697,648,688,697,672,25,Yes,Yes,Fair
CON0482,25 to 34,Quebec,784,773,795,744,782,795,773,22,No,No,Very Good
CON0483,35 to 44,Alberta,564,534,556,500,582,582,534,48,Yes,Yes,Fair
CON0484,25 to 34,British Columbia,638,610,634,583,609,638,609,29,Yes,Yes,Fair
CON0485,25 to 34,Ontario,844,859,840,803,853,859,840,19,Yes,No,Excellent
CON0486,25 to 34,Ontario,586,541,586,509,572,586,541,45,Yes,Yes,Fair
CON0487,45 to 54,Alberta,729,719,710,675,719,729,710,19,Yes,No,Good
CON0488,35 to 44,Ontario,694,685,709,640,688,709,685,24,Yes,Yes,Good
CON0489,45 to 54,Ontario,793,777,794,731,824,824,777,47,Yes,Yes,Very Good
CON0490,45 to 54,Ontario,586,552,605,532,588,605,552,53,No,No,Fair
CON0491,45 to 54,Alberta,700,692,690,646,705,705,690,15,No,No,Good
CON0492,18 to 24,British Columbia,822,778,842,719,835,842,778,64,No,No,Very Good
CON0493,35 to 44,Ontario,394,345,393,322,411,411,345,66,No,No,Poor
CON0494,25 to 34,Ontario,598,575,586,557,578,598,575,23,No,No,Fair
CON0495,18 to 24,Alberta,661,632,663,596,661,663,632,31,Yes,Yes,Fair
CON0496,55 plus,Other,581,599,581,577,597,599,581,18,No,No,Fair
CON0497,55 plus,Alberta,813,770,783,731,825,825,770,55,No,No,Very Good
CON0498,55 plus,British Columbia,678,711,694,667,688,711,678,33,Yes,Yes,Good
CON0499,25 to 34,Alberta,672,627,675,582,698,698,627,71,No,No,Fair
CON0500,18 to 24,Quebec,635,641,640,604,655,655,635,20,Yes,No,Fair
