Step,Stage,Action,Emotion,Pain Level (1 to 5),What Goes Wrong,Opportunity
1,Trigger,Consumer decides to check their credit score for the first time,Curious and slightly anxious,1,Nothing yet — this is the last moment of clarity in the journey,Set clear expectations about what they will find before they start
2,Discovery,Searches for how to check credit score in Canada,Hopeful,2,"Results show five different platforms with different names, different branding, and no clear explanation of which is official or authoritative",A government or industry standard landing page explaining the Canadian credit system
3,Platform Selection,Picks a platform based on what looks trustworthy,Uncertain,3,Selection is based on branding not on which platform will give the most accurate or useful information. Most consumers pick Borrowell or Credit Karma because they are free and well-marketed.,Clear labelling of which bureau each platform uses and what model
4,Account Creation,Creates account and provides personal information,Slightly uncomfortable sharing SIN and personal data,3,Multiple platforms require Social Insurance Number. Privacy implications not clearly explained. Some consumers abandon at this step.,Plain language privacy explanation and minimum data collection
5,Score Reveal,Sees their credit score for the first time,Confused or concerned,4,The score is shown without context. Is 672 good or bad? Most platforms show a coloured gauge but the ranges differ across platforms making comparison impossible.,Standardised score categories with plain language benchmarks
6,Factor Review,Tries to understand what is affecting their score,Frustrated,5,Factors listed in jargon. Credit utilisation ratio. Derogatory marks. Hard inquiries. Most consumers do not know what these mean or how to change them.,Plain language factor explanations with specific actionable steps
7,Cross-Checking,Checks a second platform to verify their score,More confused,5,Second platform shows a different score. Sometimes 30 to 80 points different. No explanation of why. Consumer does not know which one to trust.,Clear disclosure of bureau used and model version on every platform
8,Resolution Attempt,Tries to find out which score is correct,Defeated,5,No clear answer exists. Platforms give vague explanations. Credit bureau websites are technical and unhelpful. Consumer eventually gives up.,A standard consumer explanation of why scores differ and what each one is used for
9,Action,Decides what to do next,Disengaged,4,Because the consumer does not understand the score they cannot take meaningful action. They either ignore it or take the wrong action based on misunderstanding.,Personalised action plan tied to the consumer's specific score factors in plain language
